{
    "name":"sample02",
    "author":"ntuee-webprogramming",
    "updateTime":"",
    "content":[
        ["5","3","9","1","0","7","0","0","8"],
        ["8","1","4","5","0","3","2","7","9"],
        ["0","2","6","0","8","9","0","3","5"],
        ["3","4","8","2","0","6","5","0","0"],
        ["1","9","5","3","0","4","6","8","2"],
        ["0","0","7","9","0","8","3","1","4"],
        ["9","7","0","6","4","0","8","2","0"],
        ["6","5","1","8","0","2","7","4","3"],
        ["4","0","0","7","0","1","9","5","6"]
    ],
    "log": null
}