{
    "name":"sample01",
    "author":"ntuee-webprogramming",
    "updateTime":"",
    "content":[
        ["5","3","9","1","2","7","4","6","8"],
        ["8","1","4","5","6","3","2","7","9"],
        ["7","2","6","4","8","9","1","3","5"],
        ["3","4","8","2","1","6","5","9","7"],
        ["1","9","5","3","0","4","6","8","2"],
        ["2","6","7","9","0","8","3","1","4"],
        ["9","7","3","6","4","5","8","2","1"],
        ["6","5","1","8","9","2","7","4","3"],
        ["4","8","2","7","3","1","9","5","6"]
    ],
    "log": null
}